actualPrompt,batch,firstTokenSeconds,generationSeconds,gpu,loadSeconds,microBatch,outputTokens,prefillSeconds,profile,repetition,requestedPrompt,threads
64,256,0.031370125,0.994258458,False,0.35139825,256,32,2.016977166,cpu-8,0,64,8
64,256,0.031378875,1.013861208,False,0.35139825,256,32,2.142748125,cpu-8,1,64,8
64,256,0.031801458,1.120369333,False,0.35139825,256,32,2.004297125,cpu-8,2,64,8
64,256,0.031586583,0.99150125,False,0.35139825,256,32,2.015252292,cpu-8,3,64,8
512,256,0.031632,1.101397417,False,0.35139825,256,32,16.283838916,cpu-8,0,512,8
512,256,0.055686375,1.20268275,False,0.35139825,256,32,16.247659875,cpu-8,1,512,8
512,256,0.031459167,1.0073295,False,0.35139825,256,32,16.238940041,cpu-8,2,512,8
512,256,0.031583291,1.119563708,False,0.35139825,256,32,16.288047458,cpu-8,3,512,8
64,256,0.004940042,0.129213083,True,0.09905075,256,32,0.049771917,metal-1,0,64,1
64,256,0.00453025,0.129064458,True,0.09905075,256,32,0.028142625,metal-1,1,64,1
64,256,0.004365333,0.128727125,True,0.09905075,256,32,0.028218125,metal-1,2,64,1
64,256,0.004380375,0.129040208,True,0.09905075,256,32,0.028122958,metal-1,3,64,1
512,256,0.004460375,0.130262041,True,0.09905075,256,32,0.185516417,metal-1,0,512,1
512,256,0.004432209,0.130125792,True,0.09905075,256,32,0.185070291,metal-1,1,512,1
512,256,0.004464875,0.130353583,True,0.09905075,256,32,0.185006958,metal-1,2,512,1
512,256,0.004533667,0.130547167,True,0.09905075,256,32,0.184975958,metal-1,3,512,1
64,256,0.004396958,0.129305375,True,0.102077625,256,32,0.03579025,metal-4,0,64,4
64,256,0.004357166,0.129089125,True,0.102077625,256,32,0.028118667,metal-4,1,64,4
64,256,0.004384917,0.128950792,True,0.102077625,256,32,0.028169083,metal-4,2,64,4
64,256,0.004366792,0.12902425,True,0.102077625,256,32,0.028084083,metal-4,3,64,4
512,256,0.004432791,0.130443041,True,0.102077625,256,32,0.185592459,metal-4,0,512,4
512,256,0.004436458,0.130521833,True,0.102077625,256,32,0.184958166,metal-4,1,512,4
512,256,0.0043565,0.127875791,True,0.102077625,256,32,0.184096292,metal-4,2,512,4
512,256,0.004442041,0.128644958,True,0.102077625,256,32,0.184914084,metal-4,3,512,4
